{
  "manifest": {
    "apis": {
      "custom": {
        "endpoint": {
          "uri": "arn:aws:lambda:us-east-1:682033460878:function:97f68a45-a4b0-4f18-a966-88763602ad1e:Release_0"
        },
        "interfaces": [],
        "locales": {},
        "regions": {
          "NA": {
            "endpoint": {
              "uri": "arn:aws:lambda:us-east-1:682033460878:function:97f68a45-a4b0-4f18-a966-88763602ad1e:Release_0"
            }
          },
          "EU": {
            "endpoint": {
              "uri": "arn:aws:lambda:eu-west-1:682033460878:function:97f68a45-a4b0-4f18-a966-88763602ad1e:Release_0"
            }
          },
          "FE": {
            "endpoint": {
              "uri": "arn:aws:lambda:us-west-2:682033460878:function:97f68a45-a4b0-4f18-a966-88763602ad1e:Release_0"
            }
          }
        }
      }
    },
    "manifestVersion": "1.0",
    "privacyAndCompliance": {
      "locales": {
        "es-MX": {}
      },
      "shoppingKit": {
        "isAmazonAssociatesOnAlexaEnabled": false,
        "isShoppingActionsEnabled": false
      }
    },
    "publishingInformation": {
      "automaticDistribution": {
        "isActive": false
      },
      "category": "KNOWLEDGE_AND_TRIVIA",
      "distributionCountries": [],
      "isAvailableWorldwide": true,
      "locales": {
        "es-MX": {
          "description": "practica aprendizaje",
          "examplePhrases": [
            "Alexa, Abre clima temperatura",
            "hola alexis q pedo como estas",
            "adios alexis te fornicare algun dia"
          ],
          "keywords": [],
          "name": "Clima -UTXJ-11",
          "summary": "practica aprendizaje"
        }
      },
      "testingInstructions": "{\"ask_dist_username\":\"\",\"ask_dist_password\":\"\",\"ask_dist_testing_instructions\":\"Sample Testing Instructions.\"}"
    }
  }
}