{
  "interactionModel": {
    "languageModel": {
      "intents": [
        {
          "name": "AMAZON.CancelIntent",
          "samples": []
        },
        {
          "name": "AMAZON.HelpIntent",
          "samples": []
        },
        {
          "name": "AMAZON.StopIntent",
          "samples": []
        },
        {
          "slots": [],
          "name": "Clima",
          "samples": [
            "va a llover beba",
            "que onda locos marihuanos",
            "como estás",
            "di hola mundo",
            "di hola",
            "hola mundo"
          ]
        },
        {
          "name": "AMAZON.NavigateHomeIntent",
          "samples": []
        }
      ],
      "types": [],
      "invocationName": "clima temperatura"
    }
  }
}